{
  "project_info": {
    "project_number": "622562003209",
    "project_id": "alejandriaapp-d5ffd",
    "storage_bucket": "alejandriaapp-d5ffd.appspot.com"
  },
  "client": [
    {
      "client_info": {
        "mobilesdk_app_id": "1:622562003209:android:07e34f8805a1327cddebd8",
        "android_client_info": {
          "package_name": "com.matiasmandelbaum.alejandriaapp"
        }
      },
      "oauth_client": [],
      "api_key": [
        {
          "current_key": "AIzaSyDLpfcNEoK-2g3BeEniVdhZjmQOSjUIGUI"
        }
      ],
      "services": {
        "appinvite_service": {
          "other_platform_oauth_client": []
        }
      }
    }
  ],
  "configuration_version": "1"
}